driver,constructor,avg_grid,avg_finish,races,total_points,wins,dnfs,finish_diff,consistency,win_rate,dnf_rate,form_score
Max Verstappen,Red Bull,1.0,1.0,3,75.0,3,0,0.0,0.42857142857142855,1.0,0.0,100.0
Lando Norris,McLaren,4.0,2.6666666666666665,3,48.0,0,0,1.3333333333333335,0.42857142857142855,0.0,0.0,8.951965065502183
Sergio Pérez,Red Bull,3.3333333333333335,3.3333333333333335,3,43.0,0,0,0.0,0.42857142857142855,0.0,0.0,4.148471615720527
Charles Leclerc,Ferrari,2.3333333333333335,3.3333333333333335,3,42.0,0,0,-1.0,0.42857142857142855,0.0,0.0,1.746724890829697
Lewis Hamilton,Mercedes,5.0,4.666666666666667,3,32.0,0,0,0.33333333333333304,0.42857142857142855,0.0,0.0,0.0
